time_sec,healthy_accel_g,outer_race_defect_g,inner_race_defect_g
0.0000,-0.2104,3.0955,6.9542
0.0010,0.4264,3.0666,6.4212
0.0020,0.6932,2.9060,4.6611
0.0030,0.5573,2.2727,4.3923
0.0040,0.3426,2.1967,3.9337
0.0050,1.1769,2.8150,3.8880
0.0060,0.5718,1.5729,8.5196
0.0070,0.3969,1.3592,6.8215
0.0080,0.7931,1.1913,5.9592
0.0090,0.1374,4.2139,4.7485
0.0100,0.2214,3.8436,3.2506
0.0110,0.4584,3.0146,2.3655
0.0120,0.2960,2.4154,5.8460
0.0130,-0.0411,1.8855,3.9528
0.0140,-0.1597,1.0605,2.6927
0.0150,0.2375,1.4062,3.0009
0.0160,0.0908,0.8859,1.3301
0.0170,0.4028,1.5878,2.2793
0.0180,-0.0170,3.8186,3.0584
0.0190,-0.1592,3.3979,2.4086
0.0200,-0.1525,2.6274,1.7966
0.0210,-0.3592,2.5480,0.9458
0.0220,-0.2404,1.6547,1.1195
0.0230,-1.0619,0.5570,0.0891
0.0240,-0.2437,1.3250,4.8001
0.0250,-0.9087,0.0641,2.9291
0.0260,-1.0370,-0.2421,2.1577
0.0270,-0.6868,3.8184,1.9442
0.0280,-0.7222,3.0005,1.3187
0.0290,-0.8235,1.5880,0.7144
0.0300,-0.8384,1.8090,7.1685
0.0310,-0.5516,1.5522,6.3101
0.0320,0.0274,1.5808,5.4280
0.0330,-0.3182,0.6982,3.6406
0.0340,0.3649,1.2664,4.2091
0.0350,0.4404,1.2163,3.1707
0.0360,0.6544,5.2527,10.0914
0.0370,0.4386,4.0203,7.9972
0.0380,0.5394,3.1900,6.7078
0.0390,0.7557,2.9351,5.7617
0.0400,0.4523,2.3645,4.8520
0.0410,0.8052,2.2200,4.0149
0.0420,0.4301,2.0998,7.3071
0.0430,0.6484,1.9024,5.5165
0.0440,0.0543,0.7473,4.7838
0.0450,0.5373,5.0852,4.0693
0.0460,0.3323,3.7588,3.1988
0.0470,0.0179,2.5158,2.3895
0.0480,0.0044,2.4182,4.3214
0.0490,0.0699,1.5997,3.3991
0.0500,0.0602,1.4784,2.3751
0.0510,0.1571,1.2336,1.8015
0.0520,-0.0772,1.1624,1.4677
0.0530,0.2062,0.7592,1.7368
0.0540,-0.3462,4.6393,3.4950
0.0550,0.2322,4.0475,3.2582
0.0560,-0.4982,2.7130,1.8470
0.0570,-0.8348,1.6133,1.6439
0.0580,-0.3287,1.6139,1.0438
0.0590,-0.4039,1.5165,0.6376
0.0600,-0.4634,0.9550,5.5373
0.0610,-0.4113,0.8557,5.1076
0.0620,-0.8429,-0.1776,3.3742
0.0630,-0.6870,4.1636,2.6665
0.0640,-0.3487,3.7294,2.1958
0.0650,-0.2254,3.1642,1.2614
0.0660,-0.1348,2.4003,9.4071
0.0670,0.3525,2.0522,7.1992
0.0680,0.2468,2.0864,6.3263
0.0690,0.3050,1.6037,5.3850
0.0700,0.4512,1.5648,4.3920
0.0710,0.5962,1.4129,3.7907
0.0720,0.9420,5.4152,9.1956
0.0730,0.4975,4.0700,7.2081
0.0740,1.1492,3.8821,6.5202
0.0750,0.5931,2.9738,5.0146
0.0760,0.5110,2.8928,4.0053
0.0770,1.1484,2.8554,3.7558
0.0780,0.1284,1.7902,5.9552
0.0790,0.2133,1.1050,4.3086
0.0800,0.1895,1.2124,3.5787
0.0810,0.1271,4.4140,2.6879
0.0820,-0.3128,3.4809,2.2013
0.0830,0.0648,2.7573,1.4319
0.0840,-0.2922,2.1774,2.6746
0.0850,-0.4650,0.5664,2.6847
0.0860,-0.6300,0.8732,1.1505
0.0870,0.1508,1.2784,1.7870
0.0880,-0.1622,0.8599,1.6410
0.0890,-0.3561,0.2988,0.3245
0.0900,-0.4394,4.2800,4.3453
0.0910,-0.5258,2.4233,3.5800
0.0920,-0.5749,2.5138,2.5788
0.0930,-0.3957,1.8746,2.3316
0.0940,-0.6530,1.0000,1.2763
0.0950,-0.6457,0.5867,0.6426
0.0960,-0.6669,0.1129,7.1977
0.0970,-0.2138,-0.0056,5.9457
0.0980,-0.6026,0.3745,4.4878
0.0990,0.0801,4.5077,4.0360
0.1000,0.2618,4.1015,3.6057
0.1010,0.3645,3.5535,3.1879
0.1020,0.0787,2.2498,9.3236
0.1030,0.6669,2.4632,8.1584
0.1040,0.6099,2.0709,6.6325
0.1050,0.6791,1.3228,5.2289
0.1060,0.3644,1.4943,4.8545
0.1070,0.6034,0.6940,3.3999
0.1080,0.6332,4.5681,8.0531
0.1090,0.6133,3.8456,6.5575
0.1100,0.4301,3.2659,4.8972
0.1110,0.3972,2.3054,4.8555
0.1120,0.2425,2.1711,3.5480
0.1130,0.1238,1.9429,2.7422
0.1140,0.2067,1.2018,3.9697
0.1150,0.2472,1.1894,3.7312
0.1160,-0.0679,0.4672,3.0478
0.1170,-0.3764,4.2076,1.8904
0.1180,-0.2043,3.5995,1.5098
0.1190,0.0341,3.4052,1.3272
0.1200,0.0992,2.4550,3.8551
0.1210,-0.5898,0.7440,2.1627
0.1220,-0.1156,1.1744,2.2474
0.1230,-0.3769,0.5005,1.1728
0.1240,-0.5557,0.4878,0.2067
0.1250,-0.7060,0.0992,0.1598
0.1260,-0.4675,4.4875,6.0170
0.1270,-0.9213,2.7949,4.1555
0.1280,-0.6571,1.9534,3.2803
0.1290,-0.6835,1.9404,2.8384
0.1300,-0.4126,1.4171,2.1313
0.1310,-0.4292,0.8050,1.9899
0.1320,-0.4489,0.8668,7.5706
0.1330,0.1613,0.6874,6.8789
0.1340,0.3746,1.4956,6.1102
0.1350,0.3011,3.9154,4.5509
0.1360,0.3917,4.2616,4.1709
0.1370,0.5516,3.3868,3.7645
0.1380,0.8240,3.1840,9.7423
0.1390,1.0741,3.1314,8.1875
0.1400,0.6656,2.0397,6.5846
0.1410,0.6035,1.8750,5.9568
0.1420,0.5035,1.3969,4.0101
0.1430,0.3474,0.7886,3.4930
0.1440,0.3304,4.7032,6.3949
0.1450,0.2937,3.9905,4.9825
0.1460,-0.2623,2.7848,4.1181
0.1470,0.4927,3.1209,3.2107
0.1480,-0.1845,1.6699,2.2184
0.1490,0.0866,1.7893,2.0739
0.1500,-0.0860,1.0759,3.6691
0.1510,-0.3774,0.8702,2.8583
0.1520,0.1626,1.1592,2.7946
0.1530,-0.4719,3.7587,1.2413
0.1540,-0.2044,3.1500,2.1195
0.1550,-0.3598,2.7362,1.0209
0.1560,-0.6700,1.8569,3.3789
0.1570,-0.8334,1.0961,2.3059
0.1580,-0.4947,1.2872,2.1448
0.1590,-0.6127,0.4778,2.1027
0.1600,-0.4496,0.3060,1.2456
0.1610,-1.0145,-0.3549,0.6375
0.1620,-0.7581,3.9640,6.4738
0.1630,-0.9733,2.2643,5.0280
0.1640,-0.6027,2.0103,4.1903
0.1650,-0.5922,1.2770,3.8275
0.1660,0.1759,1.3971,2.9683
0.1670,0.1906,1.9190,2.5902
0.1680,0.3995,1.9066,9.7121
0.1690,0.4116,1.1549,7.9429
0.1700,0.7510,1.6762,6.6710
0.1710,0.6257,5.1368,6.0804
0.1720,0.3388,3.6149,4.2365
0.1730,0.6611,2.8569,3.0893
0.1740,1.0389,2.9464,8.5798
0.1750,0.9583,2.8622,6.5709
0.1760,0.0613,1.8354,5.2152
0.1770,0.5150,2.0315,4.4407
0.1780,0.6728,1.9919,4.6135
0.1790,0.0357,0.9575,2.4534
0.1800,-0.2062,4.4038,4.2783
0.1810,0.1073,3.7789,3.4316
0.1820,0.1479,2.9378,3.5560
0.1830,-0.3333,2.0233,1.6735
0.1840,-0.4036,1.4196,1.2037
0.1850,-0.2915,1.6378,1.7856
0.1860,-0.3415,1.2181,2.9317
0.1870,-0.1770,1.1092,3.1275
0.1880,0.0998,0.7182,2.4960
0.1890,-0.5220,3.8869,1.5315
0.1900,-0.4776,3.2354,0.4459
0.1910,-0.2144,2.9455,1.2356
0.1920,-0.6093,1.7041,5.0478
0.1930,-1.0398,0.6518,3.6699
0.1940,-1.2078,-0.2226,1.9479
0.1950,-0.6741,0.8181,1.9565
0.1960,-0.7051,0.8555,1.1735
0.1970,-0.6209,-0.0732,1.7395
0.1980,-0.3006,4.3545,8.3470
0.1990,-0.7542,3.2959,6.0960
0.2000,-0.2182,3.0069,5.2102
0.2010,0.1901,2.8213,4.5834
0.2020,0.1963,1.9255,3.0207
0.2030,0.2630,2.0243,2.8636
0.2040,0.2665,2.1413,9.2621
0.2050,0.4773,0.7629,7.3326
0.2060,0.5816,1.0500,6.7983
0.2070,0.8486,5.7411,5.1891
0.2080,0.4790,4.2213,3.6019
0.2090,0.1497,3.6537,3.3160
0.2100,1.2113,3.6999,7.5263
0.2110,0.3711,1.8014,5.5528
0.2120,-0.1433,1.5133,3.4909
0.2130,0.1090,0.8967,3.0675
0.2140,-0.0949,0.7470,2.5341
0.2150,0.2312,1.2830,2.1105
0.2160,0.0793,4.5296,4.5612
0.2170,-0.1897,3.1353,2.7375
0.2180,-0.2975,2.7387,2.3134
0.2190,-0.2184,1.7171,1.6109
0.2200,-0.1963,1.7768,1.6307
0.2210,-0.2340,1.4562,1.3710
0.2220,-0.3345,1.2412,3.5106
0.2230,-0.0471,1.1117,2.8823
0.2240,-0.6512,0.3497,1.6995
0.2250,-0.8923,3.4025,1.8244
0.2260,-0.7701,3.0253,1.0948
0.2270,-1.4324,1.7093,-0.3749
0.2280,-0.5393,2.1895,6.1340
0.2290,-0.6956,1.0452,4.9462
0.2300,-0.1587,1.1327,4.8291
0.2310,-0.3099,0.9530,3.9103
0.2320,-0.1444,0.9208,2.7269
0.2330,-0.0783,0.5912,2.9585
0.2340,0.5148,4.7652,9.7378
0.2350,0.6086,4.4415,8.4289
0.2360,0.3498,3.0725,6.2614
0.2370,0.6799,3.2083,5.7451
0.2380,0.8130,2.5271,5.2084
0.2390,0.5466,2.1552,4.0004
0.2400,0.8007,2.7817,8.7299
0.2410,0.6313,1.6472,6.9659
0.2420,0.7007,1.5112,6.3664
0.2430,0.4851,4.5784,5.2309
0.2440,0.1132,3.9418,4.0492
0.2450,0.0908,2.7611,2.4986
0.2460,-0.0605,2.6062,4.7249
0.2470,0.3708,2.2943,3.8586
0.2480,-0.1068,1.5959,2.6192
0.2490,0.3329,1.5467,2.6681
0.2500,-0.0336,0.7992,2.1193
0.2510,0.1351,0.4462,0.8100
0.2520,-0.1835,4.3920,3.0337
0.2530,-0.0691,3.2962,2.7070
0.2540,0.0099,3.1725,2.5869
0.2550,0.0523,2.4257,2.3365
0.2560,-0.6609,1.2612,0.3508
0.2570,-0.9071,0.7409,0.4096
0.2580,-0.3384,1.5959,5.6198
0.2590,-0.7147,0.1583,3.3768
0.2600,-0.8359,-0.4102,2.2513
0.2610,-0.6369,3.9264,2.4203
0.2620,-0.4334,3.2432,1.7017
0.2630,-0.8775,1.3559,0.8688
0.2640,-0.1924,2.7504,8.7363
0.2650,-0.4994,1.0257,6.1129
0.2660,0.0192,1.3401,5.8449
0.2670,0.2370,1.7916,5.0131
0.2680,0.5944,1.8337,4.1481
0.2690,0.4010,1.2748,3.3386
0.2700,0.8076,5.2169,9.8411
0.2710,0.6739,3.8934,7.8890
0.2720,0.3536,3.1211,6.7398
0.2730,0.7878,2.6823,5.6191
0.2740,0.6099,2.4971,4.8743
0.2750,0.2940,1.7716,3.5153
0.2760,0.5734,2.0026,6.7158
0.2770,0.1039,1.3915,5.0540
0.2780,0.2797,1.2017,4.8082
0.2790,0.6156,5.1265,3.9275
0.2800,0.1855,4.3081,3.4148
0.2810,-0.2560,2.8162,2.1464
0.2820,0.2647,2.6678,4.1635
0.2830,-0.2147,1.9298,2.6347
0.2840,-0.3626,0.9711,1.8373
0.2850,0.1389,1.5056,2.3408
0.2860,0.0060,0.6027,1.3260
0.2870,-0.2361,0.6777,1.4162
0.2880,-0.9617,3.7994,2.6334
0.2890,-0.9768,2.6670,1.8766
0.2900,-0.1207,2.5954,2.3377
0.2910,-1.0577,0.8086,0.9882
0.2920,-0.6893,1.7122,0.7410
0.2930,-0.8105,0.2092,1.1083
0.2940,-0.3777,1.0411,6.1953
0.2950,-1.0361,0.1744,4.5035
0.2960,-0.1947,0.7729,4.0176
0.2970,-0.4459,4.1043,2.7254
0.2980,-0.2812,2.9689,2.2278
0.2990,-0.3144,2.8964,2.0794
0.3000,-0.0806,2.7130,9.3194
0.3010,0.6367,2.5495,8.7403
0.3020,0.5010,2.0528,5.9602
0.3030,0.2337,1.5198,5.1069
0.3040,0.9171,2.3782,5.1110
0.3050,0.8669,1.3702,3.7940
0.3060,0.7594,5.1842,9.2127
0.3070,0.5985,3.9108,7.0296
0.3080,0.6107,3.8889,5.8913
0.3090,0.2917,3.0555,4.6887
0.3100,0.9345,2.8295,4.8262
0.3110,0.7773,1.9315,3.6597
0.3120,0.1853,1.1819,5.7327
0.3130,0.5792,1.1202,4.2774
0.3140,-0.2474,0.7381,3.1055
0.3150,0.0481,4.1320,3.5384
0.3160,-0.3273,2.8948,1.9444
0.3170,0.0192,2.7818,2.1084
0.3180,-0.0130,2.6090,3.3431
0.3190,0.1492,2.0189,3.3759
0.3200,-0.0653,0.9303,1.7712
0.3210,0.1117,1.7026,2.1778
0.3220,-0.5775,-0.2059,0.7598
0.3230,-0.2504,0.5502,0.8652
0.3240,-0.9858,3.6010,3.7944
0.3250,-0.2023,3.5283,3.4987
0.3260,-0.5933,2.0488,2.6321
0.3270,-0.7535,1.3194,1.8627
0.3280,-0.4502,1.6227,2.1448
0.3290,-0.8833,0.3327,0.9453
0.3300,-0.2985,1.3143,8.4016
0.3310,-0.5851,0.3267,6.2242
0.3320,-0.0537,0.2462,5.0998
0.3330,-0.2140,4.5255,3.7367
0.3340,-0.3159,3.3648,3.4789
0.3350,0.4102,3.1743,3.2948
0.3360,0.3014,2.7212,8.6735
0.3370,0.3494,2.1412,7.7072
0.3380,0.7201,2.3166,6.7964
0.3390,0.8332,2.6065,6.1309
0.3400,0.6356,1.1046,4.7948
0.3410,0.6652,1.5363,4.0857
0.3420,0.7331,5.7757,8.3067
0.3430,0.5891,4.1891,5.9328
0.3440,0.5530,3.5628,5.1096
0.3450,0.8559,3.6812,4.1338
0.3460,0.2850,2.5024,2.7594
0.3470,-0.0039,1.7159,2.5469
0.3480,0.4057,1.7552,4.2544
0.3490,0.1741,1.1657,3.6080
0.3500,-0.0088,1.1114,2.8029
0.3510,-0.0662,4.5057,2.0689
0.3520,0.0852,3.8669,1.5657
0.3530,-0.1408,2.7887,2.2664
0.3540,-0.1781,2.0058,3.5723
0.3550,-0.4488,1.5529,2.5034
0.3560,-0.3513,1.4379,1.1044
0.3570,-0.3038,1.1306,1.4326
0.3580,-0.4040,0.1758,1.0120
0.3590,-0.5570,0.4472,0.7657
0.3600,-1.0754,3.1522,4.8022
0.3610,-0.7084,3.4524,4.8981
0.3620,-0.7602,1.8902,3.0476
0.3630,-0.3074,2.2661,2.9454
0.3640,-0.6072,1.1156,2.2616
0.3650,-0.1349,1.4676,2.2567
0.3660,-0.4088,0.9846,9.2522
0.3670,0.1158,1.1045,7.5846
0.3680,0.4264,1.2816,6.1049
0.3690,0.5293,4.9139,5.2082
0.3700,0.8212,5.0281,4.5149
0.3710,0.4476,3.9366,3.3447
0.3720,0.4999,2.6823,9.3156
0.3730,0.6108,2.4786,7.1774
0.3740,0.6391,2.0695,5.7037
0.3750,0.6756,1.7705,5.1565
0.3760,0.5472,1.9392,3.7473
0.3770,0.5044,1.3548,3.8403
0.3780,0.6702,5.1180,5.5889
0.3790,0.0202,3.6059,4.3666
0.3800,0.3818,3.6097,4.0502
0.3810,0.0033,2.2272,3.4311
0.3820,0.3155,1.9854,2.0517
0.3830,0.0436,1.2379,1.8701
0.3840,0.1246,1.0733,3.4537
0.3850,-0.0889,0.9427,2.2252
0.3860,-0.3319,0.3301,1.4790
0.3870,-0.4275,4.1486,1.6679
0.3880,-0.3060,3.0692,0.7822
0.3890,-0.4560,2.4133,0.7989
0.3900,-0.1338,2.4706,4.4307
0.3910,-0.3436,1.1991,3.7213
0.3920,-0.9932,0.6444,1.6979
0.3930,-0.7333,0.3564,1.7662
0.3940,-0.6471,0.6972,1.9416
0.3950,-0.6212,0.2965,1.0776
0.3960,-1.0204,2.7389,6.4616
0.3970,-0.8664,2.9135,5.4352
0.3980,-0.1904,2.7959,4.7158
0.3990,-0.1711,2.6647,4.1160
0.4000,0.2426,2.2356,3.3743
0.4010,0.2249,1.7620,3.1536
0.4020,0.2956,1.9517,9.4963
0.4030,0.4330,1.2955,7.6525
0.4040,0.4153,1.2821,6.5576
0.4050,0.9643,5.3997,5.9923
0.4060,1.0670,4.6025,4.9370
0.4070,0.5468,3.5584,4.0217
0.4080,0.0487,2.4314,7.2013
0.4090,0.3088,2.2952,5.5928
0.4100,1.0275,2.7755,5.5349
0.4110,0.5679,2.3932,3.8948
0.4120,0.2776,1.1673,3.1877
0.4130,-0.0275,0.6643,2.2644
0.4140,0.6055,4.6521,5.0705
0.4150,-0.0929,3.8752,2.9551
0.4160,-0.0824,3.0240,3.2383
0.4170,-0.3434,1.8390,1.6343
0.4180,0.2171,2.5020,1.4623
0.4190,0.3499,1.3648,1.6441
0.4200,-0.2797,0.7687,3.3925
0.4210,0.0376,0.9466,2.8052
0.4220,-0.1723,1.0806,2.2239
0.4230,-0.4130,4.3647,1.8364
0.4240,-0.5262,2.9514,0.7508
0.4250,-0.0440,2.9005,1.0608
0.4260,-0.6064,1.6570,5.4539
0.4270,-0.3447,1.8204,4.6896
0.4280,-0.8331,0.6986,3.0586
0.4290,-0.7981,0.4522,2.8754
0.4300,-0.5346,0.0411,2.2781
0.4310,-0.3676,0.5275,1.7236
0.4320,-0.4138,4.0937,8.1518
0.4330,-0.0495,3.1866,6.4908
0.4340,0.2528,2.8709,5.7237
0.4350,0.3963,2.8204,5.1055
0.4360,0.5696,2.6531,4.2439
0.4370,0.4210,2.1750,3.0973
0.4380,1.4786,3.1243,10.3795
0.4390,0.5495,1.4337,7.6973
0.4400,0.8239,1.2703,6.0235
0.4410,0.7447,5.0033,5.3064
0.4420,0.3308,4.1892,3.6462
0.4430,0.4986,3.3156,3.7678
0.4440,-0.2249,2.7612,5.2193
0.4450,0.2889,1.9093,5.8446
0.4460,0.3153,1.9708,4.2812
0.4470,0.4314,1.6030,4.1621
0.4480,0.3497,1.7643,2.8629
0.4490,0.1672,0.4622,2.1780
0.4500,-0.3424,4.3292,3.3631
0.4510,-0.0981,3.7905,2.7715
0.4520,-0.3733,2.3978,1.8446
0.4530,0.1530,2.7703,2.7031
0.4540,-0.1312,1.8421,0.9515
0.4550,-0.5375,1.1129,0.4440
0.4560,-0.0093,1.2101,4.5164
0.4570,-0.5429,0.4440,3.2006
0.4580,-0.9561,0.0369,1.9561
0.4590,-0.2657,4.4128,2.5586
0.4600,-0.6153,3.1609,1.2633
0.4610,-0.2995,2.8988,1.0945
0.4620,-1.2166,0.9910,6.3192
0.4630,-0.9723,0.8494,4.8257
0.4640,-0.8469,1.0983,4.4204
0.4650,-0.4178,1.0495,3.5092
0.4660,-0.0167,0.2868,3.1520
0.4670,-0.2981,0.1739,2.6557
0.4680,0.3642,4.4352,9.7160
0.4690,0.4644,4.3006,8.6453
0.4700,0.6604,3.4459,6.6426
0.4710,0.5370,3.0346,5.8832
0.4720,0.8668,2.8055,5.2255
0.4730,0.4882,1.9421,2.9439
0.4740,1.0751,2.5015,8.6576
0.4750,0.8942,1.7061,6.8059
0.4760,0.2640,1.3556,5.3806
0.4770,0.1607,4.7342,4.0784
0.4780,0.3559,4.0498,3.8175
0.4790,0.1818,3.4805,1.8344
0.4800,0.5450,2.5794,4.9930
0.4810,-0.2250,1.7884,3.5146
0.4820,-0.0016,0.9100,2.7200
0.4830,0.3146,1.9595,2.3897
0.4840,0.0142,1.1007,2.2134
0.4850,-0.2594,0.7942,0.7352
0.4860,-0.3167,4.1370,3.0741
0.4870,-0.1003,3.8145,2.0672
0.4880,-0.2440,2.7754,1.7412
0.4890,-0.4122,2.1483,1.3041
0.4900,-0.3265,1.8360,1.0625
0.4910,-0.2673,1.2211,0.7483
0.4920,-0.9472,-0.1870,4.8884
0.4930,-0.3968,0.5707,4.4427
0.4940,-0.7253,-0.3136,3.1562
0.4950,-0.9604,3.4904,1.6383
0.4960,-0.3343,3.9026,1.8006
0.4970,-0.7550,2.0672,1.1113
0.4980,-0.5225,1.6006,8.4004
0.4990,0.1638,2.1603,6.9029
0.5000,-0.1005,1.7933,5.7945
0.5010,0.5142,1.9804,5.2467
0.5020,0.4341,1.6490,4.2052
0.5030,0.6325,1.5620,3.7466
0.5040,0.8198,4.8671,9.7306
0.5050,0.4547,3.9123,7.5814
0.5060,0.9610,4.2973,6.9009
0.5070,0.8363,3.1777,5.6995
0.5080,0.7208,2.3773,4.6322
0.5090,1.0626,2.1467,3.9134
0.5100,0.9111,1.8510,7.3437
0.5110,0.9369,1.6156,5.9730
0.5120,0.0094,0.7720,4.2647
0.5130,-0.2076,4.3117,3.3091
0.5140,-0.0372,3.6998,2.8165
0.5150,0.4192,3.2977,2.7666
0.5160,-0.0567,2.0528,4.0897
0.5170,-0.0489,2.2300,2.3823
0.5180,-0.0920,1.8470,2.7397
0.5190,-0.2112,1.0830,1.4904
0.5200,0.0422,0.8635,1.4060
0.5210,-0.3443,0.4333,0.5873
0.5220,-0.0298,4.4472,4.2176
0.5230,-0.2171,3.7098,3.1583
0.5240,-0.4517,2.4724,1.8664
0.5250,-0.8362,1.4149,0.8247
0.5260,-0.8129,1.1668,1.3778
0.5270,-0.6504,1.3964,1.1693
0.5280,-0.0810,1.7880,6.9014
0.5290,-0.7849,0.4811,5.0075
0.5300,-0.7694,-0.1564,4.1009
0.5310,-0.3422,4.2241,4.0227
0.5320,-0.2933,2.7494,2.1548
0.5330,0.1114,3.0718,2.8594
0.5340,0.4832,2.8575,9.6563
0.5350,0.0501,1.6376,7.5921
0.5360,0.5989,2.1235,6.4783
0.5370,0.7814,2.2712,4.9555
0.5380,0.8823,1.2915,5.8590
0.5390,0.7865,1.2054,3.9946
0.5400,0.5734,4.7483,8.4971
0.5410,0.8362,4.3716,7.2620
0.5420,0.5962,2.8946,6.0967
0.5430,0.7225,3.7012,4.8901
0.5440,0.1399,2.1353,3.6815
0.5450,0.3105,1.5527,3.3429
0.5460,-0.1151,1.2292,4.8725
0.5470,-0.0525,0.8994,3.6093
0.5480,0.6502,1.4729,3.9854
0.5490,0.5312,5.1773,2.8043
0.5500,0.1242,3.6898,1.9999
0.5510,-0.2673,2.7529,2.1216
0.5520,-0.1767,1.9736,3.2627
0.5530,0.3548,2.7965,2.3860
0.5540,0.2368,2.1973,2.6096
0.5550,-0.3182,0.7009,1.7711
0.5560,-0.0985,1.0886,1.7377
0.5570,-0.4119,0.2992,0.8920
0.5580,-0.7000,3.5647,4.3726
0.5590,-0.5099,3.3170,3.1435
0.5600,-0.3157,3.0705,2.9759
0.5610,-0.4703,1.9070,2.2884
0.5620,-0.2875,1.6592,1.6713
0.5630,-0.3661,1.4406,1.4284
0.5640,-0.3443,0.8797,7.7433
0.5650,0.1182,0.6820,6.8406
0.5660,0.3674,0.5291,5.6230
0.5670,0.1045,4.7671,3.9702
0.5680,0.2523,3.9699,3.9293
0.5690,0.1985,3.2179,3.4533
0.5700,0.3776,3.1061,9.4266
0.5710,0.5484,2.5032,7.9973
0.5720,0.7568,2.0869,6.7339
0.5730,1.1724,2.1341,6.0324
0.5740,0.7990,2.3031,5.1588
0.5750,0.5835,1.6696,3.7611
0.5760,0.5564,5.0506,7.4669
0.5770,-0.1277,3.5434,4.7970
0.5780,0.4679,3.4670,4.6205
0.5790,-0.0182,2.7788,3.4585
0.5800,-0.2920,1.2541,1.7814
0.5810,0.0736,1.3216,2.0575
0.5820,0.3918,1.6880,4.4028
0.5830,0.0383,1.1056,2.9709
0.5840,0.1012,0.7687,2.7751
0.5850,0.1557,4.5124,2.4053
0.5860,-0.1696,3.6272,1.2457
0.5870,0.1668,3.0729,1.0906
0.5880,-0.4149,1.8597,2.7647
0.5890,0.0065,1.8679,2.6252
0.5900,-0.6852,0.6150,1.8299
0.5910,-0.4341,1.0806,2.3060
0.5920,-0.5492,0.7569,1.1477
0.5930,-0.6557,0.2636,0.8768
0.5940,-0.5178,3.9986,6.3093
0.5950,-0.7966,3.1514,4.9741
0.5960,-0.1600,2.9607,5.0293
0.5970,-0.7772,1.7543,3.2099
0.5980,0.3140,1.9386,2.9262
0.5990,-0.3545,1.6708,2.0763
0.6000,0.0711,1.2480,9.8640
0.6010,-0.1354,0.7009,7.0274
0.6020,0.4253,1.7045,6.9166
0.6030,0.4603,4.7581,5.8651
0.6040,0.8031,3.9929,4.8911
0.6050,0.6375,3.6246,3.6628
0.6060,0.7750,3.2891,9.2287
0.6070,0.6270,2.5821,6.9971
0.6080,0.6648,2.8192,5.9833
0.6090,0.6735,1.4901,4.9174
0.6100,0.7097,2.2710,3.8898
0.6110,0.3978,1.1766,3.2499
0.6120,0.3598,4.7724,5.8466
0.6130,0.1181,3.9283,4.7503
0.6140,0.1603,2.9173,3.2387
0.6150,-0.3226,2.2022,2.0884
0.6160,-0.0256,2.0934,2.5258
0.6170,-0.0480,1.6842,1.7767
0.6180,-0.3341,0.9698,3.2759
0.6190,-0.1937,1.3388,2.6977
0.6200,-0.0671,1.1539,2.3840
0.6210,-0.3292,4.0096,1.4823
0.6220,-0.2993,3.5836,1.7569
0.6230,-0.5709,2.5727,0.9155
0.6240,-0.6895,1.4522,4.3676
0.6250,-0.5065,1.5062,3.0629
0.6260,-0.4313,0.9200,2.5708
0.6270,-1.0293,-0.0504,1.9197
0.6280,-0.2918,0.9929,1.6555
0.6290,-0.5414,0.3595,1.4110
0.6300,-0.4381,3.7385,7.4231
0.6310,-0.6244,3.0752,6.7323
0.6320,-0.3499,2.5805,4.8317
0.6330,-0.1456,2.5147,4.1695
0.6340,-0.2248,1.3969,3.6198
0.6350,0.1284,1.7536,3.5692
0.6360,0.6187,1.5228,10.2176
0.6370,0.6669,1.6809,8.4855
0.6380,0.9046,2.0512,7.1693
0.6390,0.6385,4.7230,5.8041
0.6400,0.0444,3.4510,4.1739
0.6410,0.7204,3.4308,3.8825
0.6420,0.3036,2.8729,7.4164
0.6430,0.5490,2.6017,6.4631
0.6440,0.1381,1.9208,4.3383
0.6450,0.2136,1.0732,3.9037
0.6460,0.8249,1.7594,3.8716
0.6470,0.1064,0.5666,2.5351
0.6480,0.1033,4.7151,3.7708
0.6490,0.2151,3.5625,3.3412
0.6500,0.1497,3.7699,2.8553
0.6510,-0.3902,1.6491,1.4380
0.6520,0.4382,3.0096,2.4762
0.6530,0.0912,1.5712,0.8414
0.6540,-0.2496,0.8243,4.0533
0.6550,-0.3185,0.7669,2.3076
0.6560,0.1263,1.2317,2.3293
0.6570,-0.7862,3.4672,1.0673
0.6580,-1.4199,2.3504,0.1689
0.6590,-0.8991,2.2093,0.9522
0.6600,-0.6278,1.8385,5.6949
0.6610,-1.0098,0.9227,3.5883
0.6620,-0.0330,1.5686,3.6361
0.6630,-0.3770,1.1995,3.2132
0.6640,-0.6372,0.2114,1.8133
0.6650,-0.2882,0.8106,2.6247
0.6660,-0.0371,4.4139,8.4600
0.6670,0.3614,4.4616,7.4257
0.6680,0.1159,3.3873,6.2594
0.6690,0.6389,3.5452,4.9567
0.6700,0.5960,2.8123,3.9276
0.6710,0.5527,2.0120,4.3257
0.6720,0.6126,1.9032,9.4123
0.6730,0.4258,1.6430,7.5156
0.6740,0.8306,1.4311,6.6145
0.6750,0.1373,4.6789,4.1308
0.6760,0.6283,4.6512,4.2213
0.6770,0.4588,3.2892,3.0686
0.6780,0.5397,3.0515,5.7496
0.6790,0.0936,2.2428,4.1992
0.6800,0.3319,1.6892,3.5674
0.6810,0.2925,1.5176,3.4847
0.6820,-0.0716,1.0845,2.6014
0.6830,0.0177,1.3946,1.9207
0.6840,-0.2503,4.0164,2.8087
0.6850,0.1160,3.7064,2.5077
0.6860,0.0523,2.9976,2.6991
0.6870,-0.0068,2.1659,1.9467
0.6880,-0.3454,1.6209,1.3887
0.6890,-0.3567,0.7249,1.0174
0.6900,-0.2845,0.9078,4.0809
0.6910,-0.3112,0.5719,3.2936
0.6920,-0.6088,-0.0731,2.8043
0.6930,-1.0325,3.3739,1.2867
0.6940,-1.0208,2.6381,0.6444
0.6950,-0.8827,1.9340,1.0094
0.6960,-0.6258,2.1269,7.2872
0.6970,-0.9120,1.1539,4.9033
0.6980,0.0234,1.4747,5.3760
0.6990,-0.5840,0.6393,3.1428
0.7000,-0.1790,0.8797,3.2282
0.7010,0.5090,1.7384,3.7856
0.7020,0.0304,4.4812,9.1268
0.7030,1.0383,5.2444,8.0313
0.7040,0.1372,3.1820,6.8277
0.7050,0.3380,2.7680,5.0612
0.7060,1.0638,3.4509,5.2310
0.7070,0.9243,2.8939,4.1176
0.7080,0.9208,1.7419,8.5766
0.7090,0.7705,1.8154,6.7766
0.7100,0.3218,1.2984,5.1825
0.7110,0.5807,4.8088,4.9156
0.7120,0.2172,3.5695,3.4338
0.7130,0.3041,3.6756,2.6906
0.7140,0.1224,2.7771,4.5629
0.7150,0.5537,2.4147,3.8631
0.7160,0.0238,1.3847,3.3708
0.7170,0.2179,1.4658,2.8283
0.7180,-0.1184,0.8343,1.6185
0.7190,-0.1215,0.5221,1.7927
0.7200,-0.0836,3.9767,3.6356
0.7210,-0.3870,3.1469,2.7250
0.7220,0.0602,3.0618,2.7214
0.7230,-0.4621,1.7544,0.6531
0.7240,-0.5498,1.5590,0.8766
0.7250,-0.4868,1.2981,0.9697
0.7260,-0.3851,0.7162,6.1530
0.7270,-0.7363,-0.0895,4.0915
0.7280,-0.8226,-0.0984,2.7403
0.7290,-0.3084,4.2526,2.4136
0.7300,-0.6697,2.5626,3.0565
0.7310,-0.5516,2.0054,1.4695
0.7320,-0.2584,1.6677,8.9833
0.7330,-0.4704,1.3680,7.0297
0.7340,0.4078,2.5921,6.2992
0.7350,0.5055,1.6201,5.0315
0.7360,0.3660,1.7655,3.7781
0.7370,0.2916,1.5761,2.8113
0.7380,0.8606,5.0279,9.7104
0.7390,0.4337,3.9948,7.5654
0.7400,0.6543,3.6248,6.4724
0.7410,0.1769,2.5537,4.5165
0.7420,0.2874,2.1648,3.9663
0.7430,0.5090,1.6970,3.8683
0.7440,0.2909,1.1432,6.0667
0.7450,0.4776,1.9593,4.9392
0.7460,0.0954,0.9768,3.8577
0.7470,-0.0382,4.7506,3.7446
0.7480,0.1427,3.7895,2.5774
0.7490,-0.0028,3.6074,2.2825
0.7500,-0.2319,1.7375,3.3178
0.7510,0.1584,2.0122,2.9949
0.7520,0.1928,1.9080,2.9789
0.7530,-0.3723,0.9144,1.7068
0.7540,0.0490,1.0139,1.7448
0.7550,-0.4049,0.6249,1.5122
0.7560,-0.5914,3.9786,3.8000
0.7570,-0.4058,2.6271,3.0057
0.7580,-0.5462,2.4149,2.4638
0.7590,-0.7080,1.5772,1.5682
0.7600,-0.7169,1.3337,1.2626
0.7610,-0.9358,-0.2322,0.2407
0.7620,-0.3303,1.1319,7.0973
0.7630,-0.4565,0.5951,5.4186
0.7640,-0.5991,0.3440,4.2805
0.7650,-0.8143,3.4408,3.0615
0.7660,-0.2072,3.8583,2.9990
0.7670,-0.0678,2.6293,2.1200
0.7680,0.0081,2.2740,9.0425
0.7690,0.5712,2.1615,8.1881
0.7700,0.3433,1.6150,6.5390
0.7710,0.5858,2.0343,5.0958
0.7720,0.9650,1.4114,4.6048
0.7730,0.4836,1.4092,3.6023
0.7740,0.9763,5.6651,8.2356
0.7750,0.0950,3.6992,6.4746
0.7760,0.5969,3.6462,5.8061
0.7770,0.5999,3.1868,4.0158
0.7780,0.4870,2.4723,4.0390
0.7790,-0.0468,1.0139,3.1812
0.7800,0.0640,1.4696,4.0896
0.7810,0.1441,1.5500,3.3688
0.7820,0.1279,1.1627,3.2651
0.7830,-0.0554,4.6817,1.9481
0.7840,-0.3960,3.3044,1.3783
0.7850,0.2373,3.5499,1.8902
0.7860,-0.0192,1.8689,3.5568
0.7870,-0.2712,1.4006,2.6835
0.7880,-0.7616,1.3806,1.6389
0.7890,-0.4002,0.9649,1.0594
0.7900,-0.0624,1.2342,1.2093
0.7910,-0.4278,0.2477,1.6812
0.7920,-1.4302,2.8242,4.3408
0.7930,-0.0139,3.6258,4.2120
0.7940,-0.6582,2.4221,3.2388
0.7950,-0.4377,2.0246,2.8626
0.7960,-0.5828,1.3983,1.6137
0.7970,-0.7670,0.7630,1.1202
0.7980,-0.3326,0.8722,8.3938
0.7990,-0.6245,0.3224,6.4783
0.8000,0.0889,0.7598,5.7325
0.8010,0.2422,4.5573,4.9583
0.8020,0.1683,3.8566,4.1702
0.8030,1.3263,4.4423,3.8013
0.8040,0.6944,2.9714,10.0180
0.8050,0.4981,2.1134,8.0415
0.8060,1.1126,2.9330,7.3152
0.8070,1.1135,2.3220,6.1862
0.8080,0.2972,0.9300,4.2294
0.8090,0.6652,1.8585,3.7334
0.8100,0.2985,4.9610,6.7196
0.8110,0.1441,3.7422,4.9402
0.8120,0.1038,3.0092,4.6421
0.8130,0.4628,2.6998,4.3091
0.8140,0.2391,2.0643,2.5228
0.8150,0.2271,1.5147,2.4461
0.8160,0.0932,1.1977,4.2307
0.8170,0.0558,1.3563,2.9391
0.8180,-0.0091,1.0054,2.0138
0.8190,-0.1431,3.8009,1.1882
0.8200,-0.4772,3.1644,0.6497
0.8210,-0.0356,2.9945,1.0548
0.8220,-0.3387,2.1057,3.6907
0.8230,-0.1780,1.9035,2.8241
0.8240,-0.6613,0.7591,1.9120
0.8250,-0.6488,0.9017,2.1197
0.8260,-0.8894,-0.2600,0.5414
0.8270,-0.2444,0.7754,0.6295
0.8280,-0.4393,3.8192,7.3744
0.8290,-0.4682,3.1884,5.5820
0.8300,-0.4534,2.8747,4.0380
0.8310,-0.5161,1.8025,2.8007
0.8320,-0.2093,2.0776,2.3614
0.8330,-0.3368,1.1333,2.2570
0.8340,0.1255,1.5076,9.6487
0.8350,-0.0386,1.4437,7.8218
0.8360,0.3867,1.1687,7.0181
0.8370,0.6434,5.1113,5.3063
0.8380,0.6459,4.5819,4.5466
0.8390,0.6610,3.5727,3.6664
0.8400,-0.0163,2.1996,7.7622
0.8410,0.7988,3.0486,7.4705
0.8420,-0.1738,1.5708,5.5189
0.8430,0.0307,1.5797,4.4810
0.8440,0.7115,1.4840,3.6637
0.8450,0.6247,1.5965,3.0530
0.8460,0.8327,5.1352,5.5859
0.8470,0.3549,4.3686,3.8781
0.8480,0.0530,3.1305,3.3700
0.8490,0.2028,3.0337,2.4886
0.8500,-0.2136,1.8489,1.6901
0.8510,-0.3498,1.1131,1.7421
0.8520,-0.4285,0.5871,3.6630
0.8530,-0.0099,0.8875,2.8145
0.8540,-0.4643,0.6187,2.0238
0.8550,-0.5866,3.5676,1.8061
0.8560,0.0943,3.9759,1.7832
0.8570,-0.7827,2.7120,0.6552
0.8580,-0.5026,2.3505,4.5189
0.8590,-1.3626,0.4616,2.4363
0.8600,-0.7364,0.7843,2.2921
0.8610,-0.8000,-0.1393,2.0909
0.8620,-1.0268,-0.0927,1.2906
0.8630,-0.1118,0.8358,2.0116
0.8640,-0.4383,4.1322,7.9300
0.8650,-0.2688,3.2165,6.1345
0.8660,0.2208,3.1358,6.2545
0.8670,0.0335,2.7657,4.8306
0.8680,-0.2256,1.2318,2.9857
0.8690,0.0953,0.9202,3.1071
0.8700,0.5662,1.4921,9.3439
0.8710,0.7675,1.3235,8.3633
0.8720,0.7151,1.1558,6.5057
0.8730,0.7318,5.1130,5.4864
0.8740,0.6785,4.2954,4.1454
0.8750,0.5075,3.1718,4.2108
0.8760,0.6603,2.6105,7.2590
0.8770,0.7842,2.6394,6.0242
0.8780,0.1333,1.6194,4.3723
0.8790,-0.3963,0.7049,3.6405
0.8800,0.5708,2.0849,3.6117
0.8810,-0.1191,1.1300,2.2792
0.8820,0.2351,4.4752,3.6768
0.8830,0.3286,4.5896,3.0688
0.8840,-0.1260,3.2103,2.4512
0.8850,-0.1521,2.1043,2.1946
0.8860,-0.4505,1.3516,1.0658
0.8870,-0.7117,0.6812,0.2352
0.8880,-0.2531,1.3305,3.5997
0.8890,-0.3108,0.9655,2.4706
0.8900,-0.6971,0.0131,2.0715
0.8910,-0.4699,4.0180,1.8467
0.8920,-0.2078,3.1530,1.3759
0.8930,-0.6938,2.1042,0.6109
0.8940,-0.9176,1.1322,5.3581
0.8950,-0.4054,1.6591,4.6203
0.8960,-0.7611,0.4078,3.5684
0.8970,-0.5744,0.7909,2.7694
0.8980,-0.5633,1.0509,2.8045
0.8990,0.0217,0.7053,2.2026
0.9000,0.2969,4.8072,9.2616
0.9010,0.5905,4.3250,7.6005
0.9020,0.4673,3.2362,6.0425
0.9030,0.2431,2.8897,5.6425
0.9040,1.2085,2.9678,5.6300
0.9050,0.5589,2.0612,3.4247
0.9060,1.2902,3.4768,9.9642
0.9070,0.5336,1.6104,7.6098
0.9080,0.7334,1.1719,5.6407
0.9090,0.2959,4.4593,4.5295
0.9100,0.6007,4.9972,3.7052
0.9110,0.2495,3.2238,3.1472
0.9120,0.7522,2.9910,5.7185
0.9130,0.1419,1.9169,4.7134
0.9140,0.1700,2.1074,3.3180
0.9150,0.0366,1.3186,2.6985
0.9160,0.1365,1.4526,2.3552
0.9170,0.2961,0.5453,2.3319
0.9180,0.2088,5.2449,3.3503
0.9190,0.0349,3.4228,3.2276
0.9200,-0.0388,3.0762,2.7894
0.9210,-0.2747,2.0563,0.7865
0.9220,-0.6597,2.0302,0.9500
0.9230,-0.2006,1.4424,0.8606
0.9240,-0.2472,1.2304,5.6935
0.9250,-0.2375,0.4146,3.7022
0.9260,-0.8294,-0.2315,2.2825
0.9270,-0.1545,4.1989,2.3300
0.9280,-0.8430,2.9408,1.2474
0.9290,-0.9483,2.2308,1.8357
0.9300,-0.4827,2.0212,7.4185
0.9310,-0.4310,1.5378,6.2417
0.9320,-0.0089,1.4852,4.9012
0.9330,-0.0138,0.9140,4.8018
0.9340,0.1022,1.4195,3.7712
0.9350,0.6761,1.8862,3.7871
0.9360,0.4637,5.0457,9.2001
0.9370,0.5750,4.1152,7.6706
0.9380,0.9914,3.9207,7.2091
0.9390,0.7887,3.3192,5.4555
0.9400,0.7209,3.0456,5.2489
0.9410,0.7912,2.1199,4.1118
0.9420,0.7439,2.1243,7.7166
0.9430,0.7071,1.8394,6.3594
0.9440,0.2491,0.8122,4.9637
0.9450,0.4902,4.4154,4.5448
0.9460,0.0057,3.9700,2.5252
0.9470,0.4386,3.0780,2.9244
0.9480,0.4826,2.9666,4.6069
0.9490,-0.1500,2.4249,2.6145
0.9500,-0.1268,1.6347,2.5624
0.9510,0.0500,0.8100,1.3545
0.9520,-0.1014,1.4616,1.5709
0.9530,-0.1046,0.8821,1.4248
0.9540,0.0277,4.6429,3.5794
0.9550,0.0084,3.5697,2.9911
0.9560,-0.7571,1.8392,2.0034
0.9570,-0.4860,1.6747,1.6264
0.9580,-1.1149,0.4446,0.7690
0.9590,-0.8165,0.9879,0.2045
0.9600,-0.3732,1.1223,6.3213
0.9610,-1.0069,-0.4316,4.3002
0.9620,-0.5454,0.4934,3.0012
0.9630,-0.5745,3.6198,3.4638
0.9640,-0.4904,3.1708,2.5592
0.9650,-0.3383,2.8329,2.0700
0.9660,-0.0518,2.8662,9.0407
0.9670,0.0516,2.7604,7.9818
0.9680,0.2552,1.4232,5.9184
0.9690,0.0893,1.1974,4.8821
0.9700,0.7421,1.9297,4.8951
0.9710,0.5038,0.8316,4.1277
0.9720,0.3283,4.4015,8.7297
0.9730,0.4050,4.3757,7.3855
0.9740,0.5139,3.5311,6.7380
0.9750,0.8766,2.9371,6.0279
0.9760,0.7953,2.6465,4.8138
0.9770,0.6087,2.4460,3.3779
0.9780,-0.0355,0.9870,5.6924
0.9790,0.2567,1.5894,4.5824
0.9800,0.3730,1.1673,4.0869
0.9810,0.2905,4.9826,2.9774
0.9820,-0.1630,3.6624,2.0346
0.9830,-0.1350,2.6640,1.9007
0.9840,0.2235,2.8182,2.9354
0.9850,-0.5572,1.6779,2.1072
0.9860,0.2259,1.9397,2.1976
0.9870,-0.2341,0.6210,1.4927
0.9880,-0.4207,0.5106,1.1032
0.9890,-0.3679,0.4282,0.6900
0.9900,-0.5338,4.1017,3.5866
0.9910,-0.7902,3.0888,2.6471
0.9920,-0.6046,2.4505,1.9813
0.9930,-0.5995,1.3758,1.8030
0.9940,-1.0161,1.3822,1.3145
0.9950,-0.7381,1.1039,1.1410
0.9960,-0.6322,1.1978,7.3829
0.9970,-0.2434,1.0766,6.0975
0.9980,-0.6241,0.7111,4.5085
0.9990,-0.3776,3.9748,3.8146
1.0000,-0.1103,3.7246,3.4153
1.0010,0.5762,3.2535,3.1613
1.0020,0.0799,2.4595,9.4562
1.0030,0.8306,2.8856,8.8607
1.0040,0.2815,1.7284,6.3605
1.0050,0.8606,1.6365,5.1576
1.0060,0.7315,1.7079,4.6734
1.0070,0.5758,1.3187,3.8933
1.0080,0.5064,4.8915,7.5954
1.0090,0.4830,4.1616,6.6034
1.0100,0.3847,3.3748,5.6943
1.0110,0.3993,2.6692,4.1606
1.0120,0.2040,1.9636,3.5968
1.0130,0.3528,1.8290,3.0168
1.0140,0.5690,1.3259,5.0387
1.0150,0.1210,1.4760,2.9240
1.0160,0.0640,0.5566,2.2959
1.0170,-0.1412,3.9955,1.4488
1.0180,0.0179,3.9636,2.0635
1.0190,0.1082,3.2012,1.7365
1.0200,-0.3043,2.2452,2.9873
1.0210,-0.4410,1.7671,2.6569
1.0220,0.2082,1.8822,2.8268
1.0230,-0.3838,1.0327,1.7872
1.0240,-0.9553,0.1215,0.2219
1.0250,-0.9191,0.3549,0.0792
1.0260,-0.5417,4.0999,5.3581
1.0270,-0.4382,3.3904,4.4824
1.0280,-0.9415,1.7176,2.7767
1.0290,-0.6571,1.6778,2.4859
1.0300,-0.9264,0.3896,1.8627
1.0310,-0.3406,1.7155,1.9336
1.0320,-0.2513,0.8746,8.9767
1.0330,-0.4230,0.4955,7.0493
1.0340,0.1622,1.1804,5.7502
1.0350,0.3684,4.7118,5.3016
1.0360,0.4227,3.7340,3.6972
1.0370,0.2132,3.0519,3.3240
1.0380,0.1985,3.0399,9.6506
1.0390,0.6413,2.5306,7.9710
1.0400,0.5217,2.0513,6.5738
1.0410,0.6172,2.2375,5.1120
1.0420,0.5600,1.3336,4.2358
1.0430,0.4452,0.8674,3.1462
1.0440,0.7497,4.5528,7.3248
1.0450,0.5282,3.7642,5.2120
1.0460,0.3053,3.1473,4.4501
1.0470,0.3698,2.9052,3.8140
1.0480,-0.1212,1.5692,2.5539
1.0490,0.2827,1.5505,2.6247
1.0500,0.0038,1.2233,3.4664
1.0510,-0.0830,0.6367,3.1474
1.0520,0.0099,0.2388,3.2134
1.0530,0.0591,4.7578,2.1324
1.0540,-0.4997,3.1233,1.0063
1.0550,0.1882,3.0483,0.7126
1.0560,-0.2292,2.1086,4.0398
1.0570,-0.8493,1.4446,2.8631
1.0580,-0.6212,0.6328,2.3287
1.0590,-0.6860,0.8211,2.2728
1.0600,-0.8363,-0.2657,0.5807
1.0610,-1.0697,-0.1768,0.4554
1.0620,-0.5252,4.1964,7.3052
1.0630,-0.6665,2.4967,5.2410
1.0640,-0.5421,2.5760,4.3366
1.0650,-0.9611,1.5970,3.2468
1.0660,-0.3077,1.6738,3.1798
1.0670,-0.5527,1.4705,2.3220
1.0680,1.0640,2.4702,10.3769
1.0690,0.2111,1.0069,7.4554
1.0700,0.4133,0.9440,7.0736
1.0710,0.3015,4.4477,5.2422
1.0720,0.6115,4.5116,4.4182
1.0730,0.9370,4.1039,3.9564
1.0740,0.7722,3.2227,8.7838
1.0750,0.6940,2.6995,7.1679
1.0760,0.2961,1.6543,5.1731
1.0770,0.6173,2.4505,4.6235
1.0780,0.8563,1.9946,4.3961
1.0790,0.7440,1.1393,3.2577
1.0800,-0.1007,4.2583,3.9869
1.0810,0.2444,3.7296,3.8238
1.0820,0.2022,3.2074,2.9954
1.0830,0.4050,2.9905,2.3815
1.0840,-0.0428,2.3250,2.2234
1.0850,0.2645,2.2674,2.2885
1.0860,-0.2940,1.2490,3.0997
1.0870,0.1012,1.5460,2.7916
1.0880,-0.0509,0.5767,2.2617
1.0890,-0.3884,4.0410,1.5926
1.0900,-0.2951,4.1941,1.2341
1.0910,-0.5385,1.8684,1.0683
1.0920,-0.6105,1.5720,4.9365
1.0930,-0.6376,1.2198,4.1808
1.0940,-0.5261,0.9079,3.1242
1.0950,-0.7393,0.0792,1.8502
1.0960,-0.4772,0.1513,1.9741
1.0970,-0.4627,0.7861,1.8390
1.0980,-0.5323,4.2613,8.4690
1.0990,0.0823,3.5078,6.8181
1.1000,-0.0851,2.6686,5.8936
1.1010,0.4267,2.2638,4.8574
1.1020,0.4163,2.2586,4.1832
1.1030,0.6052,2.0670,3.4755
1.1040,0.7957,1.9401,9.9937
1.1050,0.6920,1.3080,7.7527
1.1060,0.9998,1.6043,6.6454
1.1070,0.5302,5.6738,5.1630
1.1080,0.3770,4.1550,4.1729
1.1090,0.4597,3.5380,3.8548
1.1100,0.5061,3.3738,6.8666
1.1110,0.5503,2.6737,5.6944
1.1120,0.4662,1.6760,4.9131
1.1130,0.4362,1.9909,2.9370
1.1140,0.0608,1.0337,1.8380
1.1150,0.5235,1.7431,2.9833
1.1160,-0.0108,4.3703,2.7501
1.1170,0.2227,3.4415,3.4713
1.1180,-0.0423,2.8010,2.2818
1.1190,-1.0198,1.2537,1.1885
1.1200,-0.4983,1.4191,0.9437
1.1210,0.1151,1.8266,0.6622
1.1220,-0.2544,0.7769,2.7338
1.1230,-0.3440,0.5885,3.1322
1.1240,-0.1991,0.7183,2.5524
1.1250,-0.6417,4.5435,1.3841
1.1260,-0.6076,3.1667,1.2037
1.1270,-0.5337,1.8997,0.6284
1.1280,-0.6598,1.7211,6.1727
1.1290,-0.5051,1.1985,4.4867
1.1300,-0.7144,-0.0376,4.1752
1.1310,0.2469,1.2400,3.5393
1.1320,-0.6343,0.5433,1.7745
1.1330,-0.0525,1.2017,2.5007
1.1340,-0.0076,4.0304,9.7372
1.1350,-0.0400,3.6523,7.0360
1.1360,0.8760,4.3110,7.0130
1.1370,0.7142,2.8120,5.6355
1.1380,0.3731,2.2698,4.4508
1.1390,0.7153,1.5379,3.9141
1.1400,0.4437,1.5931,7.8693
1.1410,0.6371,1.7091,6.9646
1.1420,0.4495,1.2880,5.4312
1.1430,1.0568,5.5048,5.8043
1.1440,0.2405,3.6212,3.0225
1.1450,0.2404,3.0359,3.8075
1.1460,0.5124,3.1542,5.4224
1.1470,0.2934,2.4505,4.3438
1.1480,-0.2624,1.0356,2.8514
1.1490,0.1686,0.9581,2.9437
1.1500,-0.0995,0.6956,1.9804
1.1510,-0.2121,0.5988,0.8661
1.1520,-0.4202,4.4416,3.1264
1.1530,-0.0430,3.6261,2.6157
1.1540,-0.7488,2.6088,1.4192
1.1550,-0.1481,2.3645,1.7525
1.1560,-0.0208,1.6705,1.1126
1.1570,-0.7256,0.9264,0.1418
1.1580,-0.7553,0.3261,3.9698
1.1590,-0.1396,1.0875,3.9509
1.1600,-0.6943,0.1904,2.4623
1.1610,-0.5676,3.4566,2.4286
1.1620,-0.3287,3.6975,1.7449
1.1630,-0.2330,2.7898,1.4416
1.1640,-0.5091,1.5529,7.9574
1.1650,-0.3585,1.8847,6.8069
1.1660,-0.1938,1.2138,5.4884
1.1670,-0.0009,1.5221,4.4577
1.1680,0.1692,1.5178,3.7921
1.1690,0.5593,1.7914,3.3998
1.1700,0.3748,4.6322,9.3784
1.1710,0.4445,3.9461,7.5189
1.1720,0.5553,3.2851,6.4469
1.1730,0.5514,3.3959,5.8386
1.1740,1.3080,3.3935,5.0765
1.1750,0.1972,1.7522,4.4814
1.1760,0.7563,2.1702,7.6928
1.1770,0.0856,0.4091,5.7058
1.1780,0.3629,1.3573,4.2675
1.1790,-0.1243,4.0938,3.6455
1.1800,-0.0141,3.6273,3.1220
1.1810,0.0097,2.8626,1.8694
1.1820,0.0968,1.7880,3.7331
1.1830,-0.0507,1.9564,3.0215
1.1840,0.0330,1.1616,2.8674
1.1850,0.1855,1.7358,2.3219
1.1860,-0.1709,1.1836,1.8648
1.1870,-0.0402,0.9807,1.1224
1.1880,-0.6244,3.7197,3.3082
1.1890,-0.0954,3.5731,2.7316
1.1900,-0.2923,2.8929,1.7683
1.1910,-0.1161,1.9622,1.8459
1.1920,-0.3968,1.4856,1.4109
1.1930,-0.7785,0.4111,1.0505
1.1940,-0.4971,0.6303,6.5184
1.1950,-0.9604,-0.0927,4.6549
1.1960,-1.0199,-0.2115,3.0874
1.1970,-0.4685,4.1712,2.8536
1.1980,-0.1278,3.6825,3.4921
1.1990,0.0596,2.8790,2.2564
1.2000,-0.0934,2.2401,8.8785
1.2010,0.4484,2.7925,8.0179
1.2020,0.4305,1.7274,6.7635
1.2030,0.4847,1.4867,5.6862
1.2040,0.3818,1.5884,3.8744
1.2050,1.1215,1.5343,4.7238
1.2060,0.4326,5.0282,8.8170
1.2070,0.4064,4.2982,7.1087
1.2080,0.5217,3.6535,6.6912
1.2090,0.6146,2.5559,4.8635
1.2100,0.2005,1.8708,3.9441
1.2110,0.3545,2.4719,3.0698
1.2120,0.2593,1.0617,5.1599
1.2130,-0.1619,1.0926,3.6711
1.2140,0.3508,1.0761,3.6615
1.2150,-0.3155,3.8944,2.2805
1.2160,0.1594,4.0768,2.2856
1.2170,-0.2772,2.3065,1.7577
1.2180,0.4628,3.1554,3.7967
1.2190,0.0330,2.3751,2.9727
1.2200,0.3110,1.6489,2.9118
1.2210,0.0876,1.1595,2.4859
1.2220,-0.8103,0.0266,1.1183
1.2230,-0.7576,0.0897,0.3691
1.2240,-0.5450,3.9736,3.8543
1.2250,-0.7854,3.2259,2.7098
1.2260,-0.1989,2.1600,2.4242
1.2270,-0.7542,1.1972,1.2350
1.2280,-0.5336,1.7438,0.9993
1.2290,-0.7778,0.6734,0.3932
1.2300,-0.3183,0.7566,7.8123
1.2310,-0.5324,0.3217,5.4957
1.2320,-0.0419,0.4879,5.3950
1.2330,-0.2483,4.3360,4.4819
1.2340,0.7568,4.0621,4.8835
1.2350,0.5471,3.7570,3.4907
1.2360,0.6372,2.9662,9.8397
1.2370,0.7548,2.9056,8.3991
1.2380,0.6320,1.8153,6.2719
1.2390,0.4796,1.5864,5.5515
1.2400,0.4212,1.4063,4.0896
1.2410,0.6862,1.6333,3.8561
1.2420,0.2948,5.1561,6.7652
1.2430,0.8360,4.4786,5.9659
1.2440,0.4613,3.2339,4.7772
1.2450,0.7235,3.0506,4.5418
1.2460,0.1657,2.1537,3.2507
1.2470,0.1772,0.8979,2.7437
1.2480,0.0881,1.8014,3.6498
1.2490,0.2694,1.2782,3.5756
1.2500,-0.0085,0.3028,2.5149
1.2510,-0.3191,4.4505,1.4847
1.2520,0.2041,3.9055,1.5920
1.2530,-0.3270,2.9141,1.1841
1.2540,-0.4255,1.8338,3.6098
1.2550,-0.5583,1.2822,2.6936
1.2560,-0.1456,1.4678,2.3221
1.2570,-0.8175,0.7768,1.3789
1.2580,-0.3761,1.0288,1.2363
1.2590,-0.1662,0.1468,0.8775
1.2600,-0.6663,3.8207,6.3581
1.2610,-0.8619,3.3008,3.5864
1.2620,-0.3945,2.7314,4.2136
1.2630,-0.5346,1.6633,2.7863
1.2640,-0.7200,0.6509,2.6235
1.2650,-0.2909,1.2974,1.3511
1.2660,-0.2003,0.9217,9.0862
1.2670,-0.3704,0.8243,7.0090
1.2680,0.1130,1.0604,6.9775
1.2690,0.8188,5.2224,5.7743
1.2700,0.8456,4.8496,5.2799
1.2710,0.7534,3.8588,4.3044
1.2720,0.8656,3.5906,8.8505
1.2730,0.7752,2.5209,7.6360
1.2740,0.7133,2.5551,6.2030
1.2750,0.2569,1.3091,4.8366
1.2760,0.5360,1.8037,4.8977
1.2770,0.1420,1.0548,3.4328
1.2780,0.4383,4.9196,6.0179
1.2790,-0.0607,3.4008,4.0657
1.2800,0.4033,3.1992,3.7635
1.2810,-0.2673,2.1812,2.5762
1.2820,-0.0010,1.6343,2.2131
1.2830,0.0743,1.8739,2.4837
1.2840,-0.4351,0.5213,3.2284
1.2850,-0.2330,1.3653,3.0332
1.2860,-0.0376,1.1250,2.4161
1.2870,-0.1046,4.5184,1.4736
1.2880,-0.3990,3.1215,1.1526
1.2890,-0.6043,2.4233,0.3705
1.2900,-0.7582,1.6448,4.0565
1.2910,-0.4888,1.5945,3.4403
1.2920,-0.7458,0.8935,2.6721
1.2930,-0.0694,1.1112,2.0597
1.2940,-0.1108,1.1565,2.1343
1.2950,-0.7354,-0.0543,1.1806
1.2960,-0.7180,4.1374,7.4658
1.2970,-0.4118,3.1196,6.3170
1.2980,-0.1606,3.0267,5.1466
1.2990,0.1840,2.5359,4.1354
1.3000,-0.4889,1.8377,3.0210
1.3010,0.4896,1.9961,2.6580
1.3020,0.3470,1.5348,10.0403
1.3030,0.3548,1.3468,7.7357
1.3040,0.4233,1.2758,6.5964
1.3050,0.3344,4.4661,5.4979
1.3060,0.9643,4.5112,4.9953
1.3070,0.3579,3.3750,3.3604
1.3080,0.6444,3.2198,8.0421
1.3090,0.8111,2.6861,6.5215
1.3100,0.3684,1.7550,5.1695
1.3110,0.2581,1.8004,4.4263
1.3120,0.1995,1.2409,3.4164
1.3130,0.6256,1.3507,2.6338
1.3140,-0.1375,3.7578,4.3100
1.3150,0.1184,3.2566,3.2338
1.3160,0.3918,3.3781,2.9996
1.3170,0.0884,2.5516,2.7672
1.3180,-0.6358,1.1387,1.1712
1.3190,-0.1624,1.3919,1.7714
1.3200,-0.1957,0.9060,3.3003
1.3210,0.3042,1.4118,3.1307
1.3220,-0.3080,-0.0930,2.9253
1.3230,-0.6173,3.6698,1.0768
1.3240,-0.5761,2.7694,1.4241
1.3250,-0.4559,2.6826,0.3882
1.3260,-0.7577,1.7367,6.0121
1.3270,-0.5670,1.8133,3.8528
1.3280,-1.0162,0.4406,2.8522
1.3290,-0.6815,0.7370,2.6026
1.3300,-0.6987,0.4832,1.8908
1.3310,-0.4942,0.7381,1.7166
1.3320,-0.0336,4.2172,9.4722
1.3330,-0.1585,3.3016,7.0592
1.3340,-0.0281,2.9837,5.6517
1.3350,0.7022,2.6972,5.3326
1.3360,0.5630,2.6539,4.2246
1.3370,0.6520,2.2067,3.8614
1.3380,0.3177,1.7284,9.5351
1.3390,0.6735,1.5795,8.2845
1.3400,0.5969,1.7481,6.6973
1.3410,0.6719,5.0140,5.8967
1.3420,0.5465,4.3481,4.7002
1.3430,0.3616,2.7770,3.6371
1.3440,0.0227,2.8462,5.6326
1.3450,0.1949,2.2103,4.8765
1.3460,-0.1746,1.2013,3.7884
1.3470,0.4519,1.4110,3.5787
1.3480,-0.0843,0.5229,2.8233
1.3490,0.2034,0.9241,2.4193
1.3500,-0.1614,4.1020,3.0367
1.3510,-0.0478,3.3310,2.8900
1.3520,-0.7077,2.3833,1.5705
1.3530,-0.4833,1.7174,1.1965
1.3540,-0.2819,1.7615,0.6442
1.3550,-0.2316,1.1455,0.7579
1.3560,-0.2783,1.3993,4.1612
1.3570,-0.0883,1.1582,3.5028
1.3580,-0.4269,0.5188,2.0106
1.3590,-1.0963,3.4931,1.0387
1.3600,-0.9877,3.0313,1.1049
1.3610,-0.4599,2.4749,1.2260
1.3620,-0.7341,1.7901,6.5609
1.3630,-0.2606,1.6689,6.0345
1.3640,-0.5815,1.0093,4.3307
1.3650,-0.5045,0.9846,3.5016
1.3660,-0.2383,1.4029,2.9218
1.3670,-0.1829,0.8243,2.2417
1.3680,0.2041,4.9693,9.1052
1.3690,0.8931,4.4086,8.2509
1.3700,0.1017,3.5555,5.9890
1.3710,0.9692,2.7898,6.1224
1.3720,0.4920,2.0128,4.0023
1.3730,0.4565,1.9266,3.7565
1.3740,0.4121,1.3740,8.0030
1.3750,0.4386,1.2828,6.8255
1.3760,0.5772,1.2521,5.6479
1.3770,0.2376,3.9853,4.5400
1.3780,0.3966,3.6975,2.4479
1.3790,-0.0086,2.7642,2.8561
1.3800,0.4310,2.6596,4.6734
1.3810,0.1961,2.4112,3.6309
1.3820,-0.1938,1.1671,3.1920
1.3830,-0.3295,0.4924,1.7257
1.3840,0.0996,1.6045,1.9866
1.3850,0.4540,1.0802,1.5962
1.3860,-0.7257,3.3453,2.5029
1.3870,-0.0107,3.6412,2.9675
1.3880,-0.4196,2.1408,2.3124
1.3890,-0.3221,1.7781,1.9129
1.3900,-0.5492,1.8922,1.6690
1.3910,-0.9810,0.6440,0.1816
1.3920,-0.5625,0.6596,5.0935
1.3930,-0.3784,0.7020,4.2606
1.3940,-0.6961,0.9222,3.1001
1.3950,-0.5084,3.8656,2.4454
1.3960,-0.7419,3.0242,1.7954
1.3970,-0.9571,1.8101,1.1077
1.3980,-0.5897,2.2731,8.1223
1.3990,-0.0008,1.7440,7.3652
1.4000,0.2268,2.2915,6.5059
1.4010,0.7034,1.9589,5.2025
1.4020,0.1271,1.1116,3.9078
1.4030,0.3714,0.6561,3.1145
1.4040,0.4021,4.4008,9.3613
1.4050,0.9005,4.0663,8.2218
1.4060,0.2345,2.8593,5.6951
1.4070,0.6520,2.9300,5.6946
1.4080,0.8298,2.7714,4.2590
1.4090,0.4830,1.7614,2.7564
1.4100,0.6462,2.1079,6.5481
1.4110,0.5855,1.4513,5.9965
1.4120,0.5913,1.4392,4.7372
1.4130,0.2939,4.6400,3.3054
1.4140,0.1665,3.8431,2.9811
1.4150,-0.0045,2.4527,2.2493
1.4160,-0.0852,1.7703,3.5282
1.4170,-0.0600,1.8550,3.4925
1.4180,-0.2465,1.6869,2.4392
1.4190,-0.1920,1.1834,1.4621
1.4200,-0.3710,0.7523,1.5920
1.4210,-0.1417,0.4925,1.2478
1.4220,-0.3885,3.8643,3.8247
1.4230,-0.1221,3.1988,3.1275
1.4240,-0.3706,3.0336,2.0744
1.4250,-0.5233,2.3816,1.7614
1.4260,-0.4015,1.9907,1.4777
1.4270,-0.9236,0.1668,0.8608
1.4280,-1.1766,0.4866,6.5201
1.4290,-0.4981,0.9678,5.5664
1.4300,-0.6126,-0.0151,4.2625
1.4310,-0.3903,4.1065,3.0813
1.4320,0.0382,3.8871,2.9827
1.4330,-0.1231,2.8188,1.7435
1.4340,0.1915,2.2811,9.4420
1.4350,0.2011,2.1025,7.5054
1.4360,0.4969,1.7029,6.7796
1.4370,0.1596,0.8617,5.4932
1.4380,0.4237,1.4693,4.2759
1.4390,0.5126,1.1681,3.9915
1.4400,0.5445,5.0639,8.8793
1.4410,1.3162,4.7554,8.6107
1.4420,0.6684,3.6012,6.0210
1.4430,1.0900,3.8159,5.2940
1.4440,0.4432,2.6276,4.6760
1.4450,-0.1457,1.0817,2.1473
1.4460,0.2703,1.2364,5.5154
1.4470,0.0075,1.3628,3.7718
1.4480,0.7331,1.8844,3.7478
1.4490,-0.1336,4.8641,2.7318
1.4500,0.0093,3.7205,1.6864
1.4510,0.2187,3.3319,1.9755
1.4520,0.1020,2.2587,3.4121
1.4530,-0.6819,1.4186,2.2804
1.4540,-0.1021,1.5869,1.7456
1.4550,-0.1911,1.6774,0.6262
1.4560,-0.4805,0.0494,0.6879
1.4570,-0.8521,0.4208,-0.8456
1.4580,-0.2918,4.1185,4.4401
1.4590,-0.9872,3.5641,3.1456
1.4600,-0.5611,2.4663,2.6437
1.4610,-0.4326,1.4693,1.8739
1.4620,-0.7936,0.8962,1.6849
1.4630,-0.9036,0.2254,0.5970
1.4640,-0.7508,0.9248,7.8071
1.4650,-0.4876,0.7213,6.0111
1.4660,-0.5384,-0.0410,5.0171
1.4670,0.0285,4.5267,4.5861
1.4680,0.4643,4.0844,4.1458
1.4690,0.2178,3.7848,3.1449
1.4700,0.6474,3.0987,9.7530
1.4710,0.4261,2.3258,7.6634
1.4720,0.6052,2.1456,6.9083
1.4730,0.6099,1.4698,5.1411
1.4740,1.1633,2.7111,5.4721
1.4750,1.0454,1.4362,4.0507
1.4760,0.6651,5.5394,7.0392
1.4770,-0.2019,3.1090,5.5528
1.4780,0.1643,3.1547,4.8143
1.4790,0.2013,2.1713,3.3190
1.4800,0.3289,1.8595,3.2661
1.4810,-0.5497,1.0613,1.6764
1.4820,0.0152,1.9581,3.9147
1.4830,-0.4038,0.6596,3.3262
1.4840,0.1169,0.5856,3.1122
1.4850,0.0515,4.7389,2.0848
1.4860,-0.0108,3.3333,1.7302
1.4870,0.0755,3.0232,1.3555
1.4880,-0.3338,2.0842,3.1929
1.4890,-0.5344,1.3480,2.7632
1.4900,-0.6725,1.1616,1.2681
1.4910,-0.3483,0.6652,1.6113
1.4920,-0.8935,-0.3109,0.6887
1.4930,-0.4742,0.6194,1.2055
1.4940,-0.9644,3.6154,6.0183
1.4950,-0.5116,3.0692,5.1268
1.4960,-0.9340,1.8234,4.1592
1.4970,-0.3800,2.2384,3.2993
1.4980,-0.1351,1.7396,3.1852
1.4990,-0.3729,1.0840,2.2162
1.5000,-0.0861,0.9939,8.6764
1.5010,0.0834,0.8320,7.5936
1.5020,0.0964,0.9991,5.7599
1.5030,0.3372,4.9520,5.2947
1.5040,0.6816,4.0498,4.7056
1.5050,0.8225,3.7372,3.6740
1.5060,0.2387,3.0922,8.7216
1.5070,1.1680,3.1880,8.2757
1.5080,0.5306,2.1738,6.0797
1.5090,0.3381,1.2459,4.8678
1.5100,0.6335,1.6806,4.2222
1.5110,0.6737,2.0021,3.1103
1.5120,-0.2050,3.3545,4.6862
1.5130,-0.0331,3.6633,4.1482
1.5140,0.3019,3.3785,3.7023
1.5150,0.5435,2.9928,3.1768
1.5160,0.1720,1.7165,2.4034
1.5170,0.1416,2.0667,1.4965
1.5180,0.3767,2.0460,3.3131
1.5190,0.1771,1.1038,2.8799
1.5200,-0.3090,0.3310,1.9952
1.5210,-0.1722,4.1876,1.6179
1.5220,-0.1161,3.7405,1.3794
1.5230,0.0004,3.1372,0.3660
1.5240,-0.6682,1.8152,4.2853
1.5250,-0.5731,1.5570,3.4681
1.5260,-0.4597,1.4514,2.4428
1.5270,-1.1685,0.8041,1.9804
1.5280,-1.2108,-0.2501,0.7342
1.5290,-0.4005,0.4456,1.0506
1.5300,-0.8387,3.5946,7.2724
1.5310,-0.6886,2.4147,5.4417
1.5320,-0.4402,2.3521,4.4412
1.5330,0.2550,2.6299,4.6468
1.5340,-0.0075,1.3466,3.0557
1.5350,0.2493,2.5032,2.9139
1.5360,0.7189,2.2172,9.7373
1.5370,0.7481,1.8174,8.1804
1.5380,0.8989,1.3158,7.3049
1.5390,0.9903,5.8315,6.0936
1.5400,0.9175,4.6927,4.7253
1.5410,0.8352,3.3975,4.2017
1.5420,1.3463,3.2516,8.0568
1.5430,0.4428,2.8700,6.4688
1.5440,-0.1122,2.2913,4.7408
1.5450,0.3473,1.2291,3.7394
1.5460,0.6866,1.7142,3.5587
1.5470,0.2349,1.1447,3.1228
1.5480,0.5521,4.9529,4.7576
1.5490,0.3310,3.7871,3.7466
1.5500,-0.6173,2.2959,1.9248
1.5510,-0.2785,2.1533,1.7834
1.5520,-0.2082,1.2736,1.1853
1.5530,-0.3443,1.2651,0.6695
1.5540,-0.4052,0.9594,3.6271
1.5550,-0.1434,1.0442,2.9759
1.5560,-0.2668,0.4782,2.2647
1.5570,-0.4608,4.0281,2.1518
1.5580,-0.4127,3.8034,1.8631
1.5590,-0.3965,2.5846,1.2340
1.5600,-0.7445,1.1457,5.0250
1.5610,-0.8061,1.8187,4.9242
1.5620,-0.1781,1.4346,3.8411
1.5630,-0.4984,0.6161,3.5223
1.5640,-0.1680,0.6985,2.0883
1.5650,-0.2080,0.1040,2.4429
1.5660,-0.0834,4.2293,8.8144
1.5670,0.4351,4.1919,8.2436
1.5680,0.5489,3.5897,6.8279
1.5690,0.5118,2.9843,5.0124
1.5700,0.6907,2.6760,4.8723
1.5710,0.5872,2.7584,3.6947
1.5720,0.6429,1.7199,9.5812
1.5730,0.1994,0.9115,7.3186
1.5740,0.5083,1.2743,6.2543
1.5750,0.8383,5.4484,5.4279
1.5760,0.4556,3.9364,4.9973
1.5770,0.2906,3.2513,2.8346
1.5780,0.2990,2.3196,5.9476
1.5790,-0.1255,2.0920,3.6834
1.5800,-0.0770,1.5311,3.5780
1.5810,0.1185,1.0378,3.3644
1.5820,0.5076,1.4584,3.0507
1.5830,0.1073,0.9701,2.5238
1.5840,-0.0874,3.9770,3.6535
1.5850,-0.2267,3.6067,2.4394
1.5860,-0.6760,2.7194,2.0703
1.5870,-0.5692,2.3970,0.9321
1.5880,-0.3462,1.3915,0.7713
1.5890,-0.3144,1.2738,0.5857
1.5900,-0.5836,1.2474,3.9358
1.5910,-0.5887,0.4939,3.2222
1.5920,-0.9944,-0.4576,2.0146
1.5930,-0.1987,4.0891,2.2294
1.5940,-0.8430,2.4367,1.4867
1.5950,-0.8004,2.4595,1.1389
1.5960,-0.6377,1.6040,7.0143
1.5970,-0.8720,0.7900,5.1500
1.5980,-0.3436,1.0937,4.6486
1.5990,0.1516,1.5134,4.4458
1.6000,0.4958,1.8647,3.5356
1.6010,0.1367,0.5699,2.6055
1.6020,0.6710,5.4371,9.8283
1.6030,0.1940,4.5494,7.9060
1.6040,0.8989,3.5538,7.2204
1.6050,0.7509,3.2130,5.6348
1.6060,0.8281,2.8616,4.6769
1.6070,0.8217,2.0593,3.7205
1.6080,0.3961,1.6653,8.1871
1.6090,0.3256,1.1320,5.9852
1.6100,0.1814,1.2019,4.4167
1.6110,0.1630,4.4810,4.2445
1.6120,0.3279,4.0740,3.4292
1.6130,0.2843,3.1513,2.7444
1.6140,-0.2850,1.7215,3.5218
1.6150,0.5303,2.3102,3.9705
1.6160,0.0037,1.4227,2.5938
1.6170,-0.2887,0.9657,1.8000
1.6180,-0.2982,-0.2943,1.6326
1.6190,-0.6350,0.8643,1.0135
1.6200,-0.1182,4.1586,3.7186
1.6210,-0.1026,3.5357,2.9149
1.6220,-0.2260,2.9271,2.2063
1.6230,-0.5384,2.4132,1.2214
1.6240,-0.1729,1.8177,1.2431
1.6250,-0.4510,0.9851,1.2050
1.6260,-0.5108,0.6515,5.6451
1.6270,-1.2147,-0.0271,3.7708
1.6280,-0.6040,0.1412,3.4088
1.6290,-0.9154,3.6973,2.2439
1.6300,-0.6870,3.2044,1.9006
1.6310,-0.6865,2.3024,1.1304
1.6320,-0.1458,2.2282,9.1102
1.6330,-0.4584,1.2514,6.7017
1.6340,-0.3761,1.3459,4.7135
1.6350,0.4780,1.5502,5.3145
1.6360,0.3732,1.5194,3.8848
1.6370,0.3288,0.4766,3.6197
1.6380,1.1813,5.6937,9.8965
1.6390,0.7597,4.6253,8.0492
1.6400,0.6893,3.5762,6.6191
1.6410,1.0975,2.9430,5.9462
1.6420,0.9836,2.7603,4.8184
1.6430,0.8455,2.4136,3.9217
1.6440,0.2948,1.4313,5.7571
1.6450,0.5097,1.4126,5.6878
1.6460,0.2150,1.2738,3.8040
1.6470,0.1809,4.4720,3.8142
1.6480,0.1351,3.9245,2.6355
1.6490,0.0677,3.3082,2.3565
1.6500,-0.0065,2.1260,3.6951
1.6510,0.0866,2.3901,3.2782
1.6520,-0.0752,1.2267,2.1140
1.6530,0.1427,1.9560,2.6463
1.6540,-0.3545,0.7378,1.1974
1.6550,-0.1546,0.7506,0.9707
1.6560,-0.3046,3.8041,3.8027
1.6570,-0.0128,3.7161,3.3791
1.6580,-0.3961,2.2676,2.3318
1.6590,-0.5517,1.9827,1.3796
1.6600,-0.8210,0.9210,0.5094
1.6610,-0.7931,0.7219,1.0506
1.6620,-0.9150,1.0561,6.3380
1.6630,-0.4877,0.4807,5.4066
1.6640,-0.5864,0.3319,5.0883
1.6650,-0.5662,3.9820,3.6857
1.6660,0.0915,3.9904,3.0202
1.6670,0.3900,3.5555,2.8396
1.6680,0.4044,2.8364,9.6429
1.6690,0.2406,2.5634,7.8113
1.6700,0.8288,2.1812,7.1434
1.6710,0.5751,1.8065,5.1571
1.6720,0.6097,1.3626,4.7732
1.6730,0.7466,2.1334,3.9228
1.6740,0.4724,4.9138,7.7321
1.6750,0.6165,4.4478,6.4405
1.6760,0.2418,3.3473,5.0360
1.6770,0.3023,2.6202,4.3139
1.6780,0.2754,2.1240,3.8171
1.6790,-0.0713,0.9698,2.8685
1.6800,-0.1983,1.2854,4.3029
1.6810,-0.0751,0.4794,3.8057
1.6820,0.2052,0.6474,3.3130
1.6830,0.0026,4.2540,2.0192
1.6840,0.0242,3.4699,2.1528
1.6850,-0.1605,3.3209,2.0157
1.6860,-0.2009,1.9715,3.2972
1.6870,-0.3369,1.7562,3.0218
1.6880,-0.8371,0.5706,1.2357
1.6890,-0.5929,0.8956,0.8031
1.6900,-0.6166,0.8848,1.4084
1.6910,-0.5347,-0.0842,0.6432
1.6920,-0.5124,3.9704,5.5923
1.6930,-0.5158,3.1005,4.2046
1.6940,-0.4825,2.4206,3.1510
1.6950,-0.3578,2.3882,2.9995
1.6960,-0.8350,1.1369,1.4404
1.6970,-0.6132,1.1235,1.7576
1.6980,-0.3122,0.8574,7.9295
1.6990,-0.5476,0.9388,6.5476
1.7000,-0.0698,0.5612,5.3858
1.7010,0.0819,4.8120,4.8286
1.7020,0.3273,4.2831,3.4812
1.7030,0.4014,3.1779,3.2232
1.7040,0.6230,2.5920,9.3700
1.7050,0.4260,1.8760,8.0487
1.7060,0.5880,2.1510,6.4862
1.7070,0.9727,2.2160,6.0898
1.7080,0.6609,2.2496,4.3978
1.7090,0.0332,0.8480,2.7797
1.7100,0.2823,5.5029,5.9598
1.7110,0.2759,3.6422,4.6634
1.7120,0.3032,2.9285,4.6827
1.7130,0.1653,2.4593,3.5084
1.7140,0.4077,1.9920,3.0736
1.7150,0.5485,2.4296,2.1278
1.7160,-0.1574,0.7669,2.9449
1.7170,-0.6008,0.1618,2.1467
1.7180,-0.0986,0.5718,2.6041
1.7190,-0.0750,3.6290,1.4772
1.7200,-0.3529,3.4710,1.1829
1.7210,-0.5053,2.7811,0.7390
1.7220,-0.2324,2.3191,3.7426
1.7230,-0.3809,1.0913,2.7860
1.7240,-0.7404,0.5689,2.2990
1.7250,-0.5714,0.7896,0.9053
1.7260,-1.1600,-0.0496,1.3632
1.7270,-0.6632,0.1433,0.6851
1.7280,-0.6910,3.9392,6.3353
1.7290,-0.1658,2.8944,5.4899
1.7300,-0.9017,2.2274,3.9989
1.7310,-0.6252,1.7864,3.4178
1.7320,-0.5341,1.6859,2.8403
1.7330,0.3184,1.9243,2.1282
1.7340,0.0725,1.3727,9.2931
1.7350,0.1152,1.3628,7.6600
1.7360,0.6328,1.4740,7.2950
1.7370,-0.0136,4.5804,4.9295
1.7380,0.6468,4.4323,4.4328
1.7390,0.1570,3.0460,3.1987
1.7400,0.8149,3.1323,9.1143
1.7410,1.1032,3.5099,7.8505
1.7420,0.8495,2.1097,5.6355
1.7430,0.2155,1.8015,4.3244
1.7440,0.3288,1.4464,4.6612
1.7450,0.3567,0.7129,3.3918
1.7460,0.2506,4.4575,5.2619
1.7470,0.3766,3.9560,4.2292
1.7480,0.1719,3.6186,3.1457
1.7490,0.2769,2.6102,2.6763
1.7500,-0.0803,1.8009,1.9230
1.7510,-0.1609,1.9171,1.1067
1.7520,-0.0754,1.2088,2.7406
1.7530,0.0645,1.3033,2.4839
1.7540,-0.5259,-0.2656,2.1650
1.7550,-0.0365,4.5618,2.0544
1.7560,-0.9101,2.7889,0.7220
1.7570,-0.4457,2.6430,1.1418
1.7580,-0.4938,1.7715,4.8387
1.7590,-0.5707,1.5155,3.9107
1.7600,-0.5654,0.7717,3.3488
1.7610,-0.8144,0.6157,1.9639
1.7620,-0.4395,0.0196,2.3256
1.7630,-0.5485,0.9079,1.7790
1.7640,-0.6154,4.2184,7.2479
1.7650,-0.3710,3.5491,6.1160
1.7660,-0.1019,3.2427,5.6567
1.7670,0.2556,2.6616,5.1401
1.7680,0.4298,2.1590,4.1870
1.7690,0.5013,2.2106,3.4611
1.7700,0.6327,2.2243,10.0693
1.7710,0.5909,1.4432,8.4044
1.7720,0.8942,1.4212,6.8961
1.7730,0.5440,5.3345,5.5190
1.7740,0.3637,4.6602,4.2443
1.7750,0.7975,3.9975,3.7191
1.7760,0.8662,3.1679,7.4723
1.7770,0.6168,3.0694,6.3186
1.7780,0.6713,2.2196,4.3350
1.7790,0.2289,0.8436,4.3354
1.7800,-0.1208,0.8934,2.9971
1.7810,0.0490,1.8351,2.5612
1.7820,0.3797,4.6054,3.6853
1.7830,-0.0320,4.1716,2.4792
1.7840,-0.0682,3.3705,2.7751
1.7850,-0.3180,1.9781,2.2820
1.7860,-0.4338,1.2776,1.3430
1.7870,-0.1002,1.3155,0.6090
1.7880,0.1044,1.5322,3.6704
1.7890,-0.3328,0.8937,2.5331
1.7900,-0.7755,-0.3938,1.2552
1.7910,-0.4783,4.2192,1.7862
1.7920,-0.7982,2.8225,0.6905
1.7930,-0.6485,2.0792,0.9343
1.7940,-0.3640,1.6988,6.6937
1.7950,-0.7743,0.7541,4.2841
1.7960,-0.6710,1.4845,4.1484
1.7970,-0.4491,0.7677,2.7737
1.7980,-0.6611,-0.0177,1.9311
1.7990,-0.4029,0.2776,2.5481
1.8000,0.2134,4.3101,9.2132
1.8010,0.5085,4.1534,7.3389
1.8020,0.2861,3.3032,5.6458
1.8030,0.1741,2.8043,4.4720
1.8040,0.5358,2.5757,4.7355
1.8050,0.7991,2.0931,4.0690
1.8060,0.4967,1.7521,8.7909
1.8070,1.1096,1.8551,7.5260
1.8080,0.4157,1.3219,6.1201
1.8090,0.7465,5.4334,5.2556
1.8100,0.2532,4.4050,3.5447
1.8110,0.8920,3.8818,4.0694
1.8120,-0.1027,2.5074,5.0386
1.8130,-0.0419,2.0118,3.9406
1.8140,0.2405,1.6468,3.3223
1.8150,0.0611,1.9189,3.4732
1.8160,-0.4736,0.4981,2.3237
1.8170,-0.4633,0.1468,1.4416
1.8180,0.0256,4.2202,3.4415
1.8190,-0.1291,2.8808,3.3673
1.8200,-0.2282,2.7681,2.0567
1.8210,-0.5901,2.0960,1.1121
1.8220,-0.3581,1.7215,1.3159
1.8230,-0.7941,0.3115,0.5314
1.8240,-0.9039,0.8788,4.6355
1.8250,-0.8256,0.3533,2.8870
1.8260,-0.6439,0.0373,2.4495
1.8270,-0.3274,4.6042,2.6627
1.8280,-1.1052,2.0578,1.3706
1.8290,-0.6101,2.7149,1.0562
1.8300,-0.6963,1.5207,7.2962
1.8310,-0.7064,0.7612,5.9544
1.8320,-0.2752,1.3191,5.1891
1.8330,-0.0990,1.5635,4.4595
1.8340,0.4253,1.6567,4.2793
1.8350,0.4774,1.1980,3.4334
1.8360,0.4332,4.5291,9.8572
1.8370,0.3530,4.1315,7.7888
1.8380,0.8487,4.0251,7.2622
1.8390,0.8806,3.7238,6.5055
1.8400,0.6447,2.9049,4.8863
1.8410,0.0971,1.8469,3.6865
1.8420,0.8820,2.5456,7.3971
1.8430,0.3119,1.0924,5.1575
1.8440,0.4285,1.1902,5.0719
1.8450,0.4166,4.6888,4.5163
1.8460,0.2437,3.9283,3.0827
1.8470,0.2341,3.3898,2.8868
1.8480,0.0294,2.7101,4.1361
1.8490,0.1377,2.1934,3.4264
1.8500,-0.2338,1.1772,2.7919
1.8510,0.3353,1.2188,2.2412
1.8520,0.0801,0.7011,1.8589
1.8530,-0.0724,0.7880,1.1611
1.8540,-0.6701,3.6144,2.4669
1.8550,-0.4758,3.2956,2.4644
1.8560,-0.5273,2.3657,2.0528
1.8570,-0.4205,1.6598,1.7703
1.8580,-0.2877,1.6297,1.4319
1.8590,-0.4585,1.0377,1.4997
1.8600,-0.8851,0.3560,5.6521
1.8610,-0.7306,0.6745,4.1856
1.8620,-1.0968,-0.1449,3.1989
1.8630,-0.4206,3.5791,2.6636
1.8640,-0.1249,3.1960,3.0661
1.8650,-0.2304,2.4723,1.9332
1.8660,0.1361,3.1711,8.4095
1.8670,0.2161,2.1370,7.4346
1.8680,-0.1076,1.2304,6.1710
1.8690,0.0485,0.8168,4.4578
1.8700,0.7152,0.8621,5.1252
1.8710,0.8007,2.0760,4.1230
1.8720,1.3157,6.0249,9.0319
1.8730,0.5191,4.1503,7.4756
1.8740,0.8081,3.8857,6.9161
1.8750,0.6175,2.8008,5.3430
1.8760,0.8385,2.9050,4.9078
1.8770,0.4161,1.6072,3.5563
1.8780,0.1222,1.2040,5.4889
1.8790,0.4138,1.9436,4.7994
1.8800,0.4767,0.8263,3.9700
1.8810,0.2963,4.9187,3.1236
1.8820,0.0255,3.5454,2.2674
1.8830,-0.0490,2.2858,2.1251
1.8840,-0.0524,2.7021,3.5297
1.8850,-0.1877,1.6934,3.2528
1.8860,-0.2704,1.1663,1.9078
1.8870,-0.0778,0.9336,1.8622
1.8880,0.1446,0.8706,1.0220
1.8890,-0.1322,0.4673,0.8170
1.8900,-0.4186,4.2556,4.1999
1.8910,-0.3988,2.8785,2.8930
1.8920,-0.7024,1.8766,1.9797
1.8930,-0.3322,1.8722,1.5214
1.8940,-0.5748,1.6627,2.0356
1.8950,-1.1301,0.2544,0.5120
1.8960,-0.8652,0.2248,6.9884
1.8970,-0.5036,1.2232,6.4079
1.8980,-0.5808,0.0777,4.3448
1.8990,-0.1459,4.1410,4.1398
1.9000,-0.2376,3.2326,3.8675
1.9010,-0.0687,3.0166,2.9060
1.9020,0.3790,2.6758,9.5523
1.9030,0.8557,2.6531,9.2258
1.9040,0.7291,2.1445,7.1020
1.9050,0.7031,2.2594,5.7613
1.9060,0.8142,2.1764,5.0832
1.9070,0.7820,1.4256,3.7617
1.9080,0.4250,5.0610,8.0086
1.9090,0.9205,4.5615,6.3178
1.9100,0.2465,3.4765,4.9193
1.9110,-0.0403,2.2312,3.5141
1.9120,0.4264,2.3168,3.8400
1.9130,0.2589,2.1453,2.7344
1.9140,0.5755,2.0885,5.2767
1.9150,-0.2643,0.5756,3.3796
1.9160,-0.5388,0.0815,2.5869
1.9170,-0.2185,4.2358,1.8522
1.9180,-0.2772,3.5583,1.9147
1.9190,-0.2927,2.4905,1.4484
1.9200,-0.0259,2.3296,3.7028
1.9210,-0.3275,1.4870,2.7423
1.9220,0.0160,1.3511,2.4177
1.9230,-0.3613,0.5748,1.0255
1.9240,-0.4074,0.7878,1.0736
1.9250,-0.6285,-0.0627,-0.4102
1.9260,-0.4831,4.1467,5.2217
1.9270,-1.2673,1.7919,3.2933
1.9280,-0.7054,2.2920,3.3945
1.9290,-0.7250,1.2736,1.9795
1.9300,-0.5379,1.4666,2.3761
1.9310,-0.2154,1.7209,1.5668
1.9320,0.1144,1.5509,8.8907
1.9330,-0.1599,0.8452,7.0451
1.9340,-0.0216,0.5725,5.6640
1.9350,0.3655,4.6543,5.6294
1.9360,0.8341,4.5547,4.6825
1.9370,0.6891,4.2492,3.7639
1.9380,0.6069,2.9283,9.8965
1.9390,0.9609,2.7654,8.0522
1.9400,0.5166,2.2857,5.7244
1.9410,0.5414,1.8079,4.8553
1.9420,0.8004,1.8761,4.2744
1.9430,0.1242,0.5559,3.1154
1.9440,-0.3043,4.0081,5.8861
1.9450,0.2023,3.7276,5.2555
1.9460,-0.0365,2.8683,4.0025
1.9470,0.1412,3.0548,3.6162
1.9480,0.4364,2.2937,2.7158
1.9490,-0.1250,1.1263,1.5916
1.9500,-0.1520,2.2336,2.9665
1.9510,-0.2397,0.7367,1.8703
1.9520,0.1438,0.9248,2.8570
1.9530,-0.5594,3.9143,1.0214
1.9540,-0.0419,3.1919,1.6478
1.9550,-0.3930,2.6542,0.6656
1.9560,-0.0401,3.0860,4.3655
1.9570,-0.7675,1.0995,2.5484
1.9580,-0.6138,0.4385,1.9921
1.9590,-0.4932,0.9257,1.9952
1.9600,-0.5968,0.2422,1.4061
1.9610,-0.8662,0.6801,0.7907
1.9620,-0.6639,3.9050,7.6826
1.9630,-0.8758,2.7533,5.5075
1.9640,-0.0096,2.7676,4.9589
1.9650,-0.1473,1.9312,3.3323
1.9660,-0.0163,2.0004,2.7786
1.9670,0.0590,1.4517,3.0619
1.9680,-0.5398,0.6219,8.4473
1.9690,0.5989,2.5031,8.8364
1.9700,0.5997,1.1782,7.1526
1.9710,1.0147,5.3628,6.0350
1.9720,0.7500,4.5561,5.4041
1.9730,0.7312,4.0429,4.1796
1.9740,0.7766,3.1403,8.2947
1.9750,0.4397,2.5642,6.6901
1.9760,1.0505,2.8891,6.6224
1.9770,0.2400,1.5546,4.3142
1.9780,0.3198,1.0692,4.0442
1.9790,0.8190,1.5069,3.1206
1.9800,0.2146,1.3232,2.7685
1.9810,-0.1767,-0.0092,1.8876
1.9820,-0.2542,-0.1423,1.0290
1.9830,-0.1249,0.0521,1.3870
1.9840,-0.1160,0.1005,0.7151
1.9850,-0.3155,0.0845,1.0099
1.9860,-0.2333,-0.0336,0.8632
1.9870,-0.1848,-0.1791,0.1946
1.9880,-0.1686,0.1020,-0.1333
1.9890,-0.4321,0.2857,0.0091
1.9900,-0.1637,0.1135,0.5254
1.9910,-0.4892,-0.3708,-0.4597
1.9920,-0.8215,-1.0870,-0.9038
1.9930,-0.4362,-0.3904,-0.7327
1.9940,-0.5516,-0.7643,-0.8710
1.9950,-0.6415,-0.4950,-0.6920
1.9960,-0.7634,-0.6177,-0.5565
1.9970,-0.4741,-0.7053,-0.4851
1.9980,-0.1602,0.1976,-0.7378
1.9990,-0.5260,-0.4713,-0.8915
